,Make,Model,Year,Length,Width,Height,ActiveYN,Vehicle Type
13863,GMC,Sierra 1500,2018,205.5,80,74,Y,LG
13864,GMC,Sierra 1500  Double Cab,2018,229.5,80,73.9,Y,LG
13865,GMC,Sierra 1500 Crew Cab,2018,229.5,80,74.2,Y,LG
13866,GMC,Sierra 1500 Crew Cab Denali,2018,239,80,73.8,Y,LG
13868,GMC,Yukon XL 1500,2018,224.3,80.5,74.4,Y,LG
13870,GMC,Savana 2500,2018,224.1,79.2,84.6,Y,LG
13871,GMC,Savana 3500 LS,2018,224.1,79.2,84.5,Y,LG
13872,GMC,Sierra 2500,2018,224.4,80.1,77.8,Y,LG
13873,GMC,Sierra 3500 HD,2018,224.4,80.1,77.8,Y,LG
13874,GMC,Sierra 2500 HD Crew Cab,2018,239.5,80.5,78.3,Y,LG
13875,GMC,Sierra 3500 HD Crew Cab,2018,239.5,80.5,78.3,Y,LG
13886,INFINITI,QX80,2018,208.9,79.9,75.8,Y,LG
13901,LAND ROVER,R. Rover LW S'charged Autobiography Black Ed.,2018,204.7,81.6,72.4,Y,LG
13911,LINCOLN,Navigator,2018,207.4,78.8,78.1,Y,LG
13929,MERCEDES-BENZ,Sprinter 2500,2018,233.1,79.7,96.3,Y,LG
13930,MERCEDES-BENZ,Sprinter 3500,2018,233.1,79.7,110.8,Y,LG
13931,MERCEDES-BENZ,Sprinter 3500 High Roof DRW,2018,273.8,79.7,110.8,N,LG
13932,MERCEDES-BENZ,Sprinter 3500 EXT High Roof DRW,2018,289.8,79.7,110.8,N,LG
13933,MERCEDES-BENZ,Sprinter 2500 Wagon,2018,273.8,79.7,107.5,N,LG
13943,NISSAN,Armada,2018,207.7,79.3,77.2,Y,LG
13944,NISSAN,Frontier King Cab,2018,205.5,72.8,68.7,Y,LG
13945,NISSAN,Frontier Crew Cab,2018,205.5,72.8,70.1,Y,LG
13949,NISSAN,NV 1500,2018,240.6,79.9,83.9,Y,LG
13950,NISSAN,NV 2500,2018,240.6,79.9,83.9,Y,LG
13951,NISSAN,NV 3500,2018,240.6,79.9,84,Y,LG
13955,NISSAN,Titan Crew Cab,2018,224.6,79.5,74.7,Y,LG
13956,NISSAN,Titan King Cab,2018,224.6,79.5,74.6,Y,LG
13957,NISSAN,Titan Crew Cab Pro-4X,2018,224.6,79.5,76.6,Y,LG
13962,RAM,Ram 1500  ,2018,209,79.4,74.6,Y,LG
13963,RAM,Ram Sport,2018,209,79.4,75.2,Y,LG
13964,RAM,Ram Quad Cab 1500,2018,229,79.4,77.2,Y,LG
13965,RAM,Ram Crew Cab 1500,2018,237.9,79.4,76.8,Y,LG
13967,RAM,Ram 2500 ST,2018,231,78.9,73.3,Y,LG
13968,RAM,Ram 3500,2018,230.4,96,76.9,Y,LG
13969,RAM,Ram Crew Cab 2500,2018,237.4,79.1,73.7,Y,LG
13970,RAM,Ram Crew Cab 3500,2018,237.3,79.1,78.4,Y,LG
13971,RAM,Ram Mega Cab 2500,2018,248.4,79.1,74.1,Y,LG
13972,RAM,Ram Mega Cab 3500,2018,248.4,96,78.3,Y,LG
13974,RAM,ProMaster 2500,2018,213.1,82.7,101,Y,LG
13975,RAM,ProMaster 3500,2018,236,82.7,101,Y,LG
13982,TOYOTA,Sequoia,2018,205.1,79.9,74.6,Y,LG
13984,TOYOTA,Tacoma,2018,208.1,72.2,66.1,Y,LG
13985,TOYOTA,Tacoma Double Cab,2018,208.1,74.6,70.1,Y,LG
13986,TOYOTA,Tacoma Prerunner Double Cab,2018,208.1,74.6,70.1,Y,LG
13987,TOYOTA,Tacoma Prerunner Double Cab Long,2018,221.3,74.6,70.1,Y,LG
13988,TOYOTA,Tacoma  Double Cab Long,2018,221.3,74.6,70.1,Y,LG
13989,TOYOTA,Tundra,2018,228.9,79.9,75.8,Y,LG
13990,TOYOTA,Tundra Double Cab,2018,228.9,79.9,76,Y,LG
13991,TOYOTA,Tundra Double Cab SR,2018,247.8,79.9,76,Y,LG
13992,TOYOTA,Tundra CrewMax,2018,228.9,79.9,75.8,Y,LG
12930,AUDI,A8 L 3.0T Quattro,2018,207.4,76.7,57.9,Y,LG
12931,AUDI,A8 L 4.0 Quattro,2018,207.4,76.7,57.9,Y,LG
12932,AUDI,A8 L TDI,2018,207.4,76.7,57.9,Y,LG
12933,AUDI,A8 6.3 Quattro,2018,207.4,76.7,57.9,Y,LG
12961,BENTLEY,Flying Spur V8,2018,208.5,75.8,58.6,Y,LG
12962,BENTLEY,Flying Spur,2018,208.5,75.8,58.6,Y,LG
12963,BENTLEY,Mulsanne,2018,219.5,75.8,59.9,Y,LG
13024,BMW,Alpina B7 LWB,2018,206,74.9,58.4,Y,LG
13025,BMW,Alpina B7 LWB xDrive,2018,206,74.9,58.4,Y,LG
13029,BMW,740Li,2018,205.5,74.9,58.3,Y,LG
13030,BMW,740Li xDrive,2018,205.5,74.9,58.3,Y,LG
13031,BMW,740Ld,2018,205.5,74.9,58.3,Y,LG
13032,BMW,750Li,2018,205.5,74.9,58.3,Y,LG
13033,BMW,750Li xDrive,2018,205.5,74.9,58.3,Y,LG
13034,BMW,760Li,2018,205.5,74.9,58.3,Y,LG
13035,BMW,ActiveHybrid 7,2018,205.3,74.9,58.4,Y,LG
13130,CHEVROLET,Caprice Pursuit,2018,204.2,74.8,58.7,Y,LG
13131,CHEVROLET,Caprice Pursuit,2018,204.2,74.8,58.7,Y,LG
13132,CHEVROLET,Caprice Detective,2018,204.2,74.8,58.7,Y,LG
13133,CHEVROLET,Caprice Detective,2018,204.2,74.8,58.7,Y,LG
13368,JAGUAR,XJL Supercharged,2018,206.8,74.6,57.4,Y,LG
13369,JAGUAR,XJL Portfolio,2018,206.8,74.6,57.4,Y,LG
13370,JAGUAR,XJL Portfolio AWD,2018,206.8,74.8,57.4,Y,LG
13371,JAGUAR,XJlR L,2018,206.8,74.6,57.4,Y,LG
13421,LEXUS,LS 460 L,2018,205,73.8,58.1,Y,LG
13422,LEXUS,LS 460 L,2018,205,73.8,58.1,Y,LG
13423,LEXUS,LS 600h L,2018,205,73.8,58.3,Y,LG
13424,LINCOLN,MKS 3.7,2018,205.6,75.9,61.6,Y,LG
13425,LINCOLN,MKS 3.7 AWD,2018,205.6,75.9,61.6,Y,LG
13426,LINCOLN,MKS 3.5 AWD,2018,205.6,75.9,61.6,Y,LG
13486,MERCEDES-BENZ,S550,2018,206.5,74.8,58.8,Y,LG
13487,MERCEDES-BENZ,S550 4MATIC,2018,206.5,74.8,58.8,Y,LG
13488,MERCEDES-BENZ,S63 AMG,2018,206.7,74.8,58.8,Y,LG
13489,MERCEDES-BENZ,S600,2018,206.5,74.8,58.8,Y,LG
13490,MERCEDES-BENZ,S65 AMG 4MATIC,2018,206.7,74.8,58.8,Y,LG
13597,ROLLS-ROYCE,Ghost,2018,212.6,76.7,61,Y,LG
13598,ROLLS-ROYCE,Ghost LWB,2018,219.3,76.7,61,Y,LG
13599,ROLLS-ROYCE,Phantom Coupe,2018,220.9,78.2,62.9,Y,LG
13600,ROLLS-ROYCE,Phantom Drophead,2018,220.9,78.2,61.7,Y,LG
13601,ROLLS-ROYCE,Phantom,2018,230,78.3,64.5,Y,LG
13602,ROLLS-ROYCE,Phantom LW,2018,239.8,78.3,64.6,Y,LG
13603,ROLLS-ROYCE,Wraith Coupe,2018,207.9,76.7,59.3,Y,LG
13822,CHEVROLET,Colorado Extended Cab,2018,208.2,73.2,74,Y,LG
13823,CHEVROLET,Colorado Crew Cab,2018,212.6,74.3,74,Y,LG
13825,CHEVROLET,Silverado 1500,2018,205.6,80,74,Y,LG
13826,CHEVROLET,Silverado 1500  Double Cab,2018,230.2,80,73.9,Y,LG
13827,CHEVROLET,Suburban 1500,2018,224.4,80.5,74.4,Y,LG
13828,CHEVROLET,Tahoe,2018,204,80.5,74.4,Y,LG
13831,CHEVROLET,Express 2500,2018,224.1,79.2,84.6,Y,LG
13832,CHEVROLET,Express 3500,2018,224.1,79.2,84.6,Y,LG
13833,CHEVROLET,Express 3500,2018,244.1,79.2,84.3,Y,LG
13834,CHEVROLET,Silverado 2500 HD  WT,2018,224.4,80.1,77.8,Y,LG
13835,CHEVROLET,Silverado 3500 HD  WT,2018,224.4,96,77.4,Y,LG
13836,CHEVROLET,Silverado 2500 HD Double Cab,2018,230,80.5,78.1,Y,LG
13837,CHEVROLET,Silverado 2500 HD Crew Cab,2018,239.5,80.5,78.3,Y,LG
13838,CHEVROLET,Silverado 3500 HD Crew Cab,2018,258.4,96,77.7,N,LG
13844,FORD,F150 SuperCab,2018,231.9,79.9,75.2,Y,LG
13845,FORD,F150 Super Crew XL,2018,231.9,79.9,75.3,Y,LG
13846,FORD,F150 Super Crew King Ranch,2018,243.7,79.9,76.9,Y,LG
13847,FORD,F150 Super Crew Platinum,2018,231.9,79.9,75.3,Y,LG
13850,FORD,F250 Super Duty,2018,227.6,79.9,76.5,Y,LG
13851,FORD,F250 SD SuperCab,2018,232.4,79.9,77,Y,LG
13852,FORD,F350 SD SuperCab,2018,232.4,79.9,76.9,Y,LG
13853,FORD,F250 SD Crew Cab,2018,246.8,79.9,77.4,Y,LG
13854,FORD,F350 SD Crew Cab,2018,246.8,79.9,77.2,Y,LG
13855,FORD,Transit Wagon 150,2018,219.9,81.3,83.5,Y,LG
13856,FORD,Transit 350 LWB,2018,237.6,81.3,83.5,Y,LG
13857,FORD,Transit 150,2018,219.9,81.3,83.5,Y,LG
13858,FORD,Transit 250,2018,219.9,81.3,83.5,Y,LG
13859,FORD,Transit 350 LWB High Roof Ext.,2018,266.1,81.3,109.2,N,LG
13861,GMC,Canyon Extended Cab  SL,2018,208.2,73.2,74,Y,LG
13862,GMC,Canyon Crew Cab,2018,212.6,74.3,74,Y,LG
13867,GMC,Yukon,2018,203.9,80.5,74.4,Y,MD
13869,GMC,Terrain,2018,185.3,72.8,66.3,Y,MD
13876,HONDA,Crosstour,2018,196.6,74.7,61.5,Y,MD
13877,HONDA,CR-V,2018,179.4,71.6,64.7,Y,MD
13878,HONDA,Odyssey,2018,202.9,79.2,68.4,Y,MD
13879,HONDA,Pilot,2018,191.4,78.5,71,Y,MD
13880,HYUNDAI,Santa Fe Sport,2018,184.6,74,66.1,Y,MD
13881,HYUNDAI,Santa Fe GLS,2018,193.1,74.2,66.5,Y,MD
13883,INFINITI,QX50,2018,182.3,71,62.6,Y,MD
13884,INFINITI,QX60,2018,196.4,77.2,68.6,Y,MD
13885,INFINITI,QX70,2018,191.3,75.9,65,Y,MD
13887,JEEP,Cherokee,2018,182,73.2,65.7,Y,MD
13888,JEEP,Compass,2018,175.1,71.4,65,Y,MD
13889,JEEP,Grand Cherokee,2018,189.8,76.5,69.3,Y,MD
13894,KIA,Sedona,2018,201.4,78.1,68.5,Y,MD
13895,KIA,Sorento,2018,184.4,74.2,66.9,Y,MD
13896,KIA,Sportage,2018,174.8,73,64.4,Y,MD
13897,LAND ROVER,LR2,2018,177.1,75.1,68.5,Y,MD
13898,LAND ROVER,LR4,2018,190.1,75.4,74.1,Y,MD
13900,LAND ROVER,Range Rover,2018,196.8,81.6,72.2,Y,MD
13902,LAND ROVER,Range Rover Sport 3.0,2018,191,78.1,70.1,Y,MD
13903,LEXUS,GX 460,2018,192.1,74.2,74.2,Y,MD
13904,LEXUS,LX570,2018,197,77.6,73.4,Y,MD
13905,LEXUS,NX 200,2018,182.3,73.6,64.8,Y,MD
13906,LEXUS,NX 300h,2018,182.3,73.6,64.8,Y,MD
13907,LEXUS,RX 350,2018,187.8,74.2,66.3,Y,MD
13908,LEXUS,RX 450h,2018,187.8,74.2,66.3,Y,MD
13909,LINCOLN,MKC,2018,179.2,73.4,65.2,Y,MD
13910,LINCOLN,MKX,2018,186.7,76,67.3,Y,MD
13912,MAZDA,CX-5,2018,179.3,72.4,65.7,Y,MD
13913,MAZDA,CX-9,2018,200.6,76.2,68,Y,MD
13914,MAZDA,Mazda5 Sport,2018,180.5,68.9,63.6,Y,MD
13915,MAZDA,Mazda5 Touring,2018,180.5,68.9,63.6,Y,MD
13916,MERCEDES-BENZ,G550,2018,184.5,71.8,76.8,Y,MD
13917,MERCEDES-BENZ,G63 AMG,2018,187.5,76.3,76.3,Y,MD
13918,MERCEDES-BENZ,GL350 BlueTEC,2018,201.6,76.4,72.8,Y,MD
13919,MERCEDES-BENZ,GL450 4MATIC,2018,201.6,76.4,72.8,Y,MD
13920,MERCEDES-BENZ,GL550 4MATIC,2018,202.6,76.4,72.8,Y,MD
13921,MERCEDES-BENZ,GL63 AMG,2018,202.6,76.4,72.8,Y,MD
13924,MERCEDES-BENZ,GLK 350,2018,178.3,74.3,66.9,Y,MD
13925,MERCEDES-BENZ,ML350,2018,189.1,75.8,70.7,Y,MD
13926,MERCEDES-BENZ,ML250 BlueTEC,2018,189.1,75.8,70.7,Y,MD
13927,MERCEDES-BENZ,ML400 4MATIC,2018,189.1,75.8,70.7,Y,MD
13928,MERCEDES-BENZ,ML63 AMG,2018,189.1,75.8,70.7,Y,MD
13936,MITSUBISHI,Outlander ES,2018,183.3,71.3,66.1,Y,MD
13937,MITSUBISHI,Outlander SE,2018,183.3,71.3,66.1,Y,MD
13938,MITSUBISHI,Outlander SE AWD,2018,183.3,71.3,66.1,Y,MD
13939,MITSUBISHI,Outlander GT AWD,2018,183.3,71.3,66.1,Y,MD
13947,NISSAN,Murano,2018,192.4,75.4,66.5,Y,MD
13948,NISSAN,NV 200 S,2018,186.3,68.1,73.7,Y,MD
13952,NISSAN,Pathfinder,2018,197.2,77.2,69.6,Y,MD
13953,NISSAN,Quest,2018,200.8,77.6,71.5,Y,MD
13954,NISSAN,Rogue,2018,182.3,72.4,66.3,Y,MD
13958,NISSAN,Xterra,2018,178.7,72.8,74.9,Y,MD
13959,PORSCHE,Cayenne,2018,191.1,78.7,67.4,Y,MD
13960,PORSCHE,Maca,2018,184.3,76.1,63.4,Y,MD
13961,RAM,Ram C/V Tradesman,2018,202.8,78.7,69,Y,MD
13966,RAM,Promaster City,2018,187.5,72.1,74,Y,MD
13973,RAM,ProMaster 1500,2018,195,82.7,91,Y,MD
13976,SUBARU,Forester,2018,180.9,70.7,68.2,Y,MD
13977,SUBARU,Outback,2018,189.6,72.4,66.1,Y,MD
13978,SUBARU,XV Crosstrek,2018,175.2,70.1,63.6,Y,MD
13979,TOYOTA,4Runner,2018,190.2,75.8,70.1,Y,MD
13980,TOYOTA,Highlander,2018,191.1,75.8,68.1,Y,MD
13981,TOYOTA,RAV4,2018,179.9,72.6,65.4,Y,MD
13983,TOYOTA,Sienna,2018,200.2,78.2,68.9,Y,MD
13993,TOYOTA,Venza,2018,189,75,63.4,Y,MD
13994,VOLKSWAGEN,Tiguan,2018,174.5,71.2,67.1,Y,MD
13995,VOLKSWAGEN,Touareg,2018,188.8,76.4,68.2,Y,MD
13996,VOLKSWAGEN,Touareg Hybrid,2018,188.8,76.4,68.4,Y,MD
13997,VOLVO,XC60,2018,182.8,74.4,67.4,Y,MD
13998,VOLVO,XC70,2018,190.5,73.6,63.1,Y,MD
12900,ACURA,ILX,2018,179.1,70.6,55.6,Y,MD
12901,ACURA,ILX Premium 6MT,2018,179.1,70.6,55.6,Y,MD
12902,ACURA,ILX Premium 6MT,2018,179.1,70.6,55.6,Y,MD
12903,ACURA,ILX 1.5 Hybrid,2018,179.1,70.6,55.6,Y,MD
12904,ACURA,NSX,2018,174.2,71.3,46.1,Y,MD
12905,ACURA,NSX,2018,174.2,71.3,46.1,Y,MD
12906,ACURA,RLX,2018,196.1,74.4,57.7,Y,MD
12907,ACURA,RLX Sport Hybrid,2018,196.1,74.4,57.7,Y,MD
12908,ACURA,TLX,2018,190.3,73,57,Y,MD
12909,ACURA,TLX V6,2018,190.3,73,57,Y,MD
12910,ACURA,TLX  V6 SH-AWD,2018,190.3,73,57,Y,MD
12913,AUDI,A3 1.8T,2018,175.4,70.7,55.8,Y,MD
12914,AUDI,A3 2.0 TDI,2018,175.4,70.7,55.8,Y,MD
12915,AUDI,A3 2.0T Quattro,2018,175.4,70.7,55.8,Y,MD
12916,AUDI,A3 1.8T Cabriolet,2018,175.4,70.7,55.8,Y,MD
12917,AUDI,A3 2.0T Quattro Cabriolet,2018,175.4,70.7,55.8,Y,MD
12918,AUDI,A4 2.0T Premium,2018,185.1,71.9,56.2,Y,MD
12919,AUDI,A4 2.0T Quattro Premium,2018,185.1,71.9,56.2,Y,MD
12920,AUDI,A5 2.0T Quattro Premium,2018,182.1,73,54,Y,MD
12921,AUDI,A5 2.0T Cabriolet Quattro Premium,2018,182.1,73,54.4,Y,MD
12922,AUDI,A6 2.0T  Premium,2018,193.9,73.8,57.8,Y,MD
12923,AUDI,A6 2.0T Quattro Premium,2018,193.9,73.8,57.8,Y,MD
12924,AUDI,A6 3.0 T Quattro Premium Plus,2018,193.9,73.8,57.8,Y,MD
12925,AUDI,A6 TDI Premium Plus,2018,193.9,73.8,57.8,Y,MD
12926,AUDI,A7 Premium Plus,2018,195.6,75.2,55.9,Y,MD
12927,AUDI,A7 TDI Premium Plus,2018,195.6,75.2,55.9,Y,MD
12928,AUDI,A8 3.0T Quattro,2018,202.2,76.7,57.5,Y,MD
12929,AUDI,A8 4.0T Quattro,2018,202.2,76.7,57.5,Y,MD
12934,AUDI,R8 V8 Coupe Quattro,2018,175,75,49.3,Y,MD
12935,AUDI,R8 V8 Spyder Quattro,2018,174.4,75,49,Y,MD
12936,AUDI,R8 V10 Coupe Quattro,2018,174.6,76,49.3,Y,MD
12937,AUDI,R8 V10 Spyder Quattro,2018,174.6,75,49,Y,MD
12938,AUDI,R8 V10 Coupe Plus Quattro,2018,174.6,76,49.3,Y,MD
12939,AUDI,S4 Quattro Premium Plus,2018,185.7,71.9,55.4,Y,MD
12940,AUDI,S5 3.0T Coupe Quattro Premium Plus,2018,182.7,73,53.9,Y,MD
12941,AUDI,S5 3.0T Cabriolet Quattro Premium Plus,2018,182.7,73,54.2,Y,MD
12942,AUDI,RS5 4.2 coupe Quattro Premium Plus,2018,183,73.2,53.8,Y,MD
12943,AUDI,RS5 4.2 Cabriolet Quattro Premium Plus,2018,183,73.2,54.2,Y,MD
12944,AUDI,S6 3.0T Quattro Prestige  ,2018,193.9,73.8,57.8,Y,MD
12945,AUDI,S7 4.0T Quattro Prestige,2018,195.6,75.2,55.9,Y,MD
12946,AUDI,RS7 4.0T Quattro Prestige,2018,197.3,75.2,55.8,Y,MD
12947,AUDI,A8 L 4.0 Quattro,2018,202.2,76.7,57.5,Y,MD
12952,BENTLEY,GT,2018,189.1,75,55.3,Y,MD
12953,BENTLEY,GT Speed,2018,189.2,76.5,54.8,Y,MD
12954,BENTLEY,GTC,2018,189.1,76.5,55.2,Y,MD
12955,BENTLEY,GTC Speed,2018,189.2,76.5,54.8,Y,MD
12956,BENTLEY,GT V8,2018,189.2,76.5,55.3,Y,MD
12957,BENTLEY,GT V8 S,2018,189.2,76.5,55.3,Y,MD
12958,BENTLEY,GTC V8,2018,189.2,76.5,55.2,Y,MD
12959,BENTLEY,GTC V8 S,2018,189.2,76.5,55.3,Y,MD
12960,BENTLEY,GT3-R,2018,189.2,76.5,55.3,Y,MD
12965,BMW,i8 Hybrid,2018,184.9,50.8,76.5,Y,MD
12966,BMW,228i,2018,174.7,69.8,55.8,Y,MD
12967,BMW,M235i,2018,175.9,69.8,55.4,Y,MD
12968,BMW,228i xDrive,2018,174.7,69.8,55.8,Y,MD
12969,BMW,M235i xDrive,2018,175.9,69.8,55.4,Y,MD
12970,BMW,228i,2018,174.7,69.8,55.8,Y,MD
12971,BMW,228i xDrive,2018,174.7,69.8,55.8,Y,MD
12972,BMW,320i,2018,182.2,71.3,56.3,Y,MD
12973,BMW,320i xDrive,2018,182.2,71.3,56.3,Y,MD
12974,BMW,328i,2018,182.2,71.3,56.3,Y,MD
12975,BMW,328i xDrive,2018,182.2,71.3,56.3,Y,MD
12976,BMW,328i Gran Tourismo,2018,190,72,55.9,Y,MD
12977,BMW,328i xDrive  Sports Wagon,2018,182.1,71.5,56.5,Y,MD
12978,BMW,328d,2018,182.2,71.3,56.3,Y,MD
12979,BMW,328d xDrive,2018,182.2,71.3,56.3,Y,MD
12980,BMW,328d xDrive  Sports Wagon,2018,182.1,71.5,56.3,Y,MD
12981,BMW,335i,2018,182.2,71.3,56.3,Y,MD
12982,BMW,335i xDrive,2018,182.2,71.3,56.3,Y,MD
12983,BMW,ActiveHybrid 3,2018,182.2,71.3,56.3,Y,MD
12984,BMW,428i,2018,182.6,71.9,54.2,Y,MD
12985,BMW,428i xDrive,2018,182.6,71.9,54.8,Y,MD
12986,BMW,428i,2018,182.6,71.9,54.5,Y,MD
12987,BMW,428i xDrive,2018,182.6,71.9,55.1,Y,MD
12988,BMW,435i,2018,182.6,71.9,54.2,Y,MD
12989,BMW,435i xDrive,2018,182.6,71.9,54.8,Y,MD
12990,BMW,435i,2018,182.6,71.9,54.5,Y,MD
12991,BMW,435i xDrive,2018,182.6,71.9,54.5,Y,MD
12992,BMW,428i Gran Coupe,2018,182.6,71.9,54.7,Y,MD
12993,BMW,428i Gran Coupe xDrive,2018,182.6,71.9,55.3,Y,MD
12994,BMW,435i Gran Coupe,2018,182.6,71.9,54.7,Y,MD
12995,BMW,435i Gran Coupe,2018,182.6,71.9,54.7,Y,MD
12996,BMW,528i,2018,193.4,73.2,57.6,Y,MD
12997,BMW,528i xDrive,2018,193.4,73.2,57.6,Y,MD
12998,BMW,535i,2018,193.4,73.2,57.6,Y,MD
12999,BMW,535i xDrive,2018,193.4,73.2,57.6,Y,MD
13000,BMW,535d,2018,193.4,73.2,57.6,Y,MD
13001,BMW,535d xDrive,2018,193.4,73.2,57.6,Y,MD
13002,BMW,535i Gran Turismo,2018,197.1,74.8,61.6,Y,MD
13003,BMW,535i xDrive Gran Turismo,2018,197.1,74.8,61.6,Y,MD
13004,BMW,550i,2018,193.4,73.2,57.6,Y,MD
13005,BMW,550i xDrive,2018,193.4,73.2,57.6,Y,MD
13006,BMW,550i Gran Turismo,2018,197.1,74.8,61.6,Y,MD
13007,BMW,550i xDrive Gran Turismo,2018,197.1,74.8,61.6,Y,MD
13008,BMW,ActiveHybrid 5,2018,193.4,73.2,57.6,Y,MD
13009,BMW,640i,2018,192.8,74.6,53.9,Y,MD
13010,BMW,640i xDrive,2018,192.8,74.6,53.9,Y,MD
13011,BMW,640i,2018,192.8,74.6,53.7,Y,MD
13012,BMW,640i xDrive,2018,192.8,74.6,53.7,Y,MD
13013,BMW,650i,2018,192.8,74.6,53.9,Y,MD
13014,BMW,650i xDrive,2018,192.8,74.6,53.9,Y,MD
13015,BMW,650i,2018,192.8,74.6,53.7,Y,MD
13016,BMW,650i xDrive,2018,192.8,74.6,53.7,Y,MD
13017,BMW,640i Gran Coupe,2018,197.2,74.6,54.8,Y,MD
13018,BMW,640i xDrive Gran Coupe,2018,197.2,74.6,54.8,Y,MD
13019,BMW,650i Gran Coupe,2018,197.2,74.6,54.8,Y,MD
13020,BMW,650i xDrive Gran Coupe,2018,197.2,74.6,54.8,Y,MD
13021,BMW,Alpina B6 xDrive Gran Coupe,2018,197.1,74.6,54.8,Y,MD
13022,BMW,Alpina B7,2018,200.5,74.9,58.4,Y,MD
13023,BMW,Alpina B7 xDrive,2018,200.5,74.9,58.7,Y,MD
13026,BMW,740i,2018,200,74.9,57.9,Y,MD
13027,BMW,750i,2018,200,74.9,57.9,Y,MD
13028,BMW,750i xDrive,2018,200,74.9,57.9,Y,MD
13036,BMW,M3,2018,184.5,73.9,56.1,Y,MD
13037,BMW,M4,2018,184.5,73.6,54.4,Y,MD
13038,BMW,M5,2018,193.5,74.4,57,Y,MD
13039,BMW,M6,2018,193,74.8,54.1,Y,MD
13040,BMW,M6,2018,193,74.8,53.9,Y,MD
13041,BMW,M6 Grand Coupe,2018,197.5,74.8,54.9,Y,MD
13045,BUICK,LaCrosse V6,2018,197,73.1,59.2,Y,MD
13046,BUICK,LaCrosse Premium I  V6,2018,197,73.1,59.2,Y,MD
13047,BUICK,LaCrosse Premium II  V6,2018,197,73.1,59.2,Y,MD
13048,BUICK,LaCrosse Leather Group V6,2018,197,73.1,59.2,Y,MD
13049,BUICK,LaCrosse Premium Group  V6,2018,197,73.1,59.2,Y,MD
13050,BUICK,LaCrosse e-Assist,2018,197,73.1,59.2,Y,MD
13051,BUICK,Regal,2018,190.2,73.1,58.4,Y,MD
13052,BUICK,Regal Premium I,2018,190.2,73.1,58.4,Y,MD
13053,BUICK,Regal Premium II,2018,190.2,73.1,58.4,Y,MD
13054,BUICK,Regal Premium II,2018,190.2,73.1,58.4,Y,MD
13055,BUICK,Regal GS,2018,190.2,73.1,58.4,Y,MD
13056,BUICK,Regal GS,2018,190.2,73.1,58.4,Y,MD
13057,BUICK,Regal Premium I e-Assist,2018,190.2,73.1,58.4,Y,MD
13058,BUICK,Verano,2018,183.9,71.4,58.1,Y,MD
13059,BUICK,Verano Convenience,2018,183.9,71.4,58.1,Y,MD
13060,BUICK,Verano Leather,2018,183.9,71.4,58.1,Y,MD
13061,BUICK,Verano Premium,2018,183.9,71.4,58.1,Y,MD
13062,CADILLAC,ATS 2.0T,2018,186.3,72.5,54.8,Y,MD
13063,CADILLAC,ATS 3.6 Luxury,2018,186.3,72.5,54.8,Y,MD
13064,CADILLAC,ATS 2.0T Luxury,2018,186.3,72.5,54.8,Y,MD
13065,CADILLAC,ATS 3.6 Luxury,2018,186.3,72.5,54.8,Y,MD
13066,CADILLAC,ATS 2.0T Performance,2018,186.3,72.5,54.8,Y,MD
13067,CADILLAC,ATS 3.6 Performance,2018,186.3,72.5,54.8,Y,MD
13068,CADILLAC,ATS 2.0T Premium,2018,186.3,72.5,54.8,Y,MD
13069,CADILLAC,ATS 3.6 Premium,2018,186.3,72.5,54.8,Y,MD
13070,CADILLAC,ATS 2.0T AWD,2018,186.3,72.5,54.8,Y,MD
13071,CADILLAC,ATS 2.0T Luxury AWD,2018,186.3,72.5,54.8,Y,MD
13072,CADILLAC,ATS 3.6 Luxury AWD,2018,186.3,72.5,54.8,Y,MD
13073,CADILLAC,ATS 2.0T Performance AWD,2018,186.3,72.5,54.8,Y,MD
13074,CADILLAC,ATS 3.6 Performance AWD,2018,186.3,72.5,54.8,Y,MD
13075,CADILLAC,ATS 2.0T Premium AWD,2018,186.3,72.5,54.8,Y,MD
13076,CADILLAC,ATS 3.6 Premium AWD,2018,186.3,72.5,54.8,Y,MD
13077,CADILLAC,ATS 2.5,2018,182.8,71.1,55.9,Y,MD
13078,CADILLAC,ATS 2.0T,2018,182.8,71.1,55.9,Y,MD
13079,CADILLAC,ATS 2.5 Luxury,2018,182.8,71.1,55.9,Y,MD
13080,CADILLAC,ATS 2.0T Luxury,2018,182.8,71.1,55.9,Y,MD
13081,CADILLAC,ATS 3.6 Luxury,2018,182.8,71.1,55.9,Y,MD
13082,CADILLAC,ATS 2.0T Performance,2018,182.8,71.1,55.9,Y,MD
13083,CADILLAC,ATS 3.6 Performance,2018,182.8,71.1,55.9,Y,MD
13084,CADILLAC,ATS 2.0T Premium,2018,182.8,71.1,55.9,Y,MD
13085,CADILLAC,ATS 3.6 Premium,2018,182.8,71.1,55.9,Y,MD
13086,CADILLAC,ATS 2.0T AWD,2018,182.8,71.1,55.9,Y,MD
13087,CADILLAC,ATS 2.0T Luxury AWD,2018,182.8,71.1,55.9,Y,MD
13088,CADILLAC,ATS 3.6 Luxury AWD,2018,182.8,71.1,55.9,Y,MD
13089,CADILLAC,ATS 2.0T Performance AWD,2018,182.8,71.1,55.9,Y,MD
13090,CADILLAC,ATS 3.6 Performance AWD,2018,182.8,71.1,55.9,Y,MD
13091,CADILLAC,ATS 2.0T Premium AWD,2018,182.8,71.1,55.9,Y,MD
13092,CADILLAC,ATS 3.6 Premium AWD,2018,182.8,71.1,55.9,Y,MD
13093,CADILLAC,CTS 2.0T,2018,195.5,72.2,57.2,Y,MD
13094,CADILLAC,CTS 2.0T Luxury,2018,195.5,72.2,57.2,Y,MD
13095,CADILLAC,CTS 2.0T Performance,2018,195.5,72.2,57.2,Y,MD
13096,CADILLAC,CTS 2.0T Premium,2018,195.5,72.2,57.2,Y,MD
13097,CADILLAC,CTS  3.6 Luxury,2018,195.5,72.2,57.2,Y,MD
13098,CADILLAC,CTS 3.6 Performance,2018,195.5,72.2,57.2,Y,MD
13099,CADILLAC,CTS 3.6 Premium,2018,195.5,72.2,57.2,Y,MD
13100,CADILLAC,CTS 3.6L Vsport,2018,195.5,72.2,57.2,Y,MD
13101,CADILLAC,CTS 3.6L Vsport Premium,2018,195.5,72.2,57.2,Y,MD
13102,CADILLAC,CTS 2.0T,2018,195.5,72.2,57.2,Y,MD
13103,CADILLAC,CTS 2.0T Luxury,2018,195.5,72.2,57.2,Y,MD
13104,CADILLAC,CTS 2.0T Performance,2018,195.5,72.2,57.2,Y,MD
13105,CADILLAC,CTS 2.0T Premium,2018,195.5,72.2,57.2,Y,MD
13106,CADILLAC,CTS 3.6 Luxury,2018,195.5,72.2,57.2,Y,MD
13107,CADILLAC,CTS 3.6 Performance,2018,195.5,72.2,57.2,Y,MD
13108,CADILLAC,CTS 3.6 Premium,2018,195.5,72.2,57.2,Y,MD
13109,CADILLAC,CTS-V Final Edition,2018,188.5,74.1,56,Y,MD
13110,CADILLAC,XTS,2018,202,72.9,59.4,Y,MD
13111,CADILLAC,XTS Luxury,2018,202,72.9,59.4,Y,MD
13112,CADILLAC,XTS Premium,2018,202,72.9,59.4,Y,MD
13113,CADILLAC,XTS Platinum,2018,202,72.9,59.4,Y,MD
13114,CADILLAC,XTS Luxury,2018,202,72.9,59.4,Y,MD
13115,CADILLAC,XTS Premium,2018,202,72.9,59.4,Y,MD
13116,CADILLAC,XTS Platinum,2018,202,72.9,59.4,Y,MD
13117,CADILLAC,XTS Vsport Premium,2018,202,72.9,59.4,Y,MD
13118,CADILLAC,XTSVsport  Platinum,2018,202,72.9,59.4,Y,MD
13119,CHEVROLET,Camaro LS,2018,190.6,75.5,54.2,Y,MD
13120,CHEVROLET,Camaro LT,2018,190.6,75.5,54.2,Y,MD
13121,CHEVROLET,Camaro SS MT,2018,190.6,75.5,54.2,Y,MD
13122,CHEVROLET,Camaro SS,2018,190.6,75.5,54.2,Y,MD
13123,CHEVROLET,Camaro ZL1,2018,190.6,75.5,54.2,Y,MD
13124,CHEVROLET,Camaro Z28,2018,192.3,76.9,52.4,Y,MD
13125,CHEVROLET,Camaro LT,2018,190.6,75.5,54.7,Y,MD
13126,CHEVROLET,Camaro SS MT,2018,190.6,75.5,54.7,Y,MD
13127,CHEVROLET,Camaro SS,2018,190.6,75.5,54.7,Y,MD
13128,CHEVROLET,Camaro SS MT,2018,190.6,75.5,54.7,Y,MD
13129,CHEVROLET,Camaro ZL1,2018,190.6,75.5,54.7,Y,MD
13134,CHEVROLET,Corvette Stingray,2018,176.9,73.9,48.6,Y,MD
13135,CHEVROLET,Corvette Stingray Z51,2018,176.9,73.9,48.6,Y,MD
13136,CHEVROLET,Corvette Stingray Z51,2018,176.9,73.9,48.6,Y,MD
13137,CHEVROLET,Corvette Stingray Z06,2018,176.9,73.9,48.6,Y,MD
13138,CHEVROLET,Corvette Stingray Z06,2018,176.9,73.9,48.6,Y,MD
13139,CHEVROLET,Cruze LS,2018,181,70.7,58.1,Y,MD
13140,CHEVROLET,Cruze LT,2018,181,70.7,58.1,Y,MD
13141,CHEVROLET,Cruze Eco,2018,181,70.7,58.1,Y,MD
13142,CHEVROLET,Cruze LTZ,2018,181,70.7,58.1,Y,MD
13143,CHEVROLET,Cruze TDI,2018,181,70.7,58.1,Y,MD
13144,CHEVROLET,Impala LS,2018,201.3,73,58.9,Y,MD
13145,CHEVROLET,Impala LT,2018,201.3,73,58.9,Y,MD
13146,CHEVROLET,Impala 2LT 3.6,2018,201.3,73,58.9,Y,MD
13147,CHEVROLET,Impala 2LT 3.6 CNG,2018,201.3,73,58.9,Y,MD
13148,CHEVROLET,Impala LTZ,2018,201.3,73,58.9,Y,MD
13149,CHEVROLET,Impala 2LTZ 3.6,2018,201.3,73,58.9,Y,MD
13150,CHEVROLET,Malibu LS,2018,191.5,73,57.6,Y,MD
13151,CHEVROLET,Malibu LT,2018,191.5,73,57.6,Y,MD
13152,CHEVROLET,Malibu 3LT,2018,191.5,73,57.6,Y,MD
13153,CHEVROLET,Malibu LTZ,2018,191.5,73,57.6,Y,MD
13154,CHEVROLET,Malibu 2LTZ,2018,191.5,73,57.6,Y,MD
13165,CHEVROLET,SS,2018,195.5,74.7,57.9,Y,MD
13166,CHEVROLET,Volt,2018,177.1,70.4,56.6,Y,MD
13167,CHRYSLER,200 LX,2018,192.3,73.6,58.7,Y,MD
13168,CHRYSLER,200 Limited,2018,192.3,73.6,58.7,Y,MD
13169,CHRYSLER,200 S,2018,192.3,73.6,58.7,Y,MD
13170,CHRYSLER,200 C,2018,192.3,73.6,58.7,Y,MD
13171,CHRYSLER,200 C V6,2018,192.3,73.6,58.7,Y,MD
13172,CHRYSLER,200 S AWD V6,2018,192.3,73.6,58.7,Y,MD
13173,CHRYSLER,200 C AWD V6,2018,192.3,73.6,58.7,Y,MD
13174,CHRYSLER,300 Limited,2018,198.6,75,58.4,Y,MD
13175,CHRYSLER,300 S,2018,198.6,75,58.4,Y,MD
13176,CHRYSLER,300C,2018,198.6,75,58.4,Y,MD
13177,CHRYSLER,300C Platinum,2018,198.6,75,58.4,Y,MD
13178,CHRYSLER,300 Limited AWD,2018,198.6,75,59.2,Y,MD
13179,CHRYSLER,300 S AWD,2018,198.6,75,59.2,Y,MD
13180,CHRYSLER,300C AWD,2018,198.6,75,59.2,Y,MD
13181,CHRYSLER,300C Platinum,2018,198.6,75,59.2,Y,MD
13182,DODGE,Challenger SXT,2018,197.9,75.7,57.5,Y,MD
13183,DODGE,Challenger SXT Plus,2018,197.9,75.7,57.5,Y,MD
13184,DODGE,Challenger R/T,2018,197.9,75.7,57.5,Y,MD
13185,DODGE,Challenger R/T Plus,2018,197.9,75.7,57.5,Y,MD
13186,DODGE,Challenger R/T Scat Pack,2018,197.9,75.7,57.5,Y,MD
13187,DODGE,Challenger SRT,2018,198,75.7,55.9,Y,MD
13188,DODGE,Challenger SRT Hellcat,2018,197.5,75.7,55.7,Y,MD
13189,DODGE,Charger SE,2018,198.4,75,58.2,Y,MD
13190,DODGE,Charger SXT,2018,198.4,75,58.2,Y,MD
13191,DODGE,Charger R/T,2018,198.4,75,58.2,Y,MD
13192,DODGE,Charger SE AWD,2018,198.4,75,58.2,Y,MD
13193,DODGE,Charger SXT AWD,2018,198.4,75,58.2,Y,MD
13194,DODGE,Charger SRT8,2018,198.8,74.2,58.2,Y,MD
13195,DODGE,Charger SRT8 Hellcat,2018,198.8,74.2,58.2,Y,MD
13196,DODGE,Charger Pursuit V6,2018,198.4,75,58.4,Y,MD
13197,DODGE,Charger Pursuit V8,2018,199.9,75,58.4,Y,MD
13198,DODGE,Charger Pursuit V8 AWD,2018,199.9,75,58.4,Y,MD
13199,DODGE,Dart SE,2018,183.9,72,57.7,Y,MD
13200,DODGE,Dart SXT,2018,183.9,72,57.7,Y,MD
13201,DODGE,Dart Aero,2018,183.9,72,57.7,Y,MD
13202,DODGE,Dart GT,2018,183.9,72,57.7,Y,MD
13203,DODGE,Dart Limited,2018,183.9,72,57.7,Y,MD
13204,DODGE,Viper SRT8,2018,175.7,76.4,49.1,Y,MD
13205,DODGE,Viper SRT8 GTS,2018,175.7,76.4,49.1,Y,MD
13228,FORD,Focus S,2018,178.5,71.8,57.7,Y,MD
13229,FORD,Focus SE,2018,178.5,71.8,57.7,Y,MD
13230,FORD,Focus Titanium,2018,178.5,71.8,57.7,Y,MD
13234,FORD,Fusion S,2018,191.7,72.9,58,Y,MD
13235,FORD,Fusion  SE,2018,191.7,72.9,58,Y,MD
13236,FORD,Fusion SE AWD,2018,191.7,72.9,58,Y,MD
13237,FORD,Fusion Titanium,2018,191.7,72.9,58,Y,MD
13238,FORD,Fusion Titanium AWD,2018,191.7,72.9,58,Y,MD
13239,FORD,Fusion S Hybrid,2018,191.8,72.9,58,Y,MD
13240,FORD,Fusion SE Hybrid,2018,191.8,72.9,58,Y,MD
13241,FORD,Fusion Titanium Hybrid,2018,191.8,72.9,58,Y,MD
13242,FORD,Fusion SE Energi Hybrid,2018,191.8,72.9,58,Y,MD
13243,FORD,Fusion Titanium Energi Hybrid,2018,191.8,72.9,58,Y,MD
13244,FORD,Mustang,2018,188.3,75.4,54.4,Y,MD
13245,FORD,Mustang EcoBoost,2018,188.3,75.4,54.4,Y,MD
13246,FORD,Mustang EcoBoost Premium,2018,188.3,75.4,54.4,Y,MD
13247,FORD,Mustang GT,2018,188.3,75.4,54.4,Y,MD
13248,FORD,Mustang GT Premium,2018,188.3,75.4,54.4,Y,MD
13249,FORD,Mustang GT 50th Anniversary L.E.,2018,188.3,75.4,54.4,Y,MD
13250,FORD,Mustang,2018,188.3,75.4,54.4,Y,MD
13251,FORD,Mustang EcoBoost Premium,2018,188.3,75.4,54.4,Y,MD
13252,FORD,Mustang GT Premium,2018,188.3,75.4,54.4,Y,MD
13253,FORD,Taurus SE,2018,202.9,76.2,60.7,Y,MD
13254,FORD,Taurus SEL,2018,202.9,76.2,60.7,Y,MD
13255,FORD,Taurus Limited,2018,202.9,76.2,60.7,Y,MD
13256,FORD,Taurus SEL,2018,202.9,76.2,60.7,Y,MD
13257,FORD,Taurus Limited,2018,202.9,76.2,60.7,Y,MD
13258,FORD,Taurus SHO,2018,202.9,76.2,60.7,Y,MD
13259,FORD,PPV,2018,202.8,76.2,61.4,Y,MD
13260,FORD,PPV,2018,202.8,76.2,61.4,Y,MD
13261,HONDA,Accord LX-S,2018,189.2,72.8,56.5,Y,MD
13262,HONDA,Accord EX,2018,189.2,72.8,56.5,Y,MD
13263,HONDA,Accord EX-L,2018,189.2,72.8,56.5,Y,MD
13264,HONDA,Accord EX-L V6,2018,189.2,72.8,56.5,Y,MD
13265,HONDA,Accord EX-L V6 MT,2018,189.2,72.8,56.5,Y,MD
13266,HONDA,Accord LX,2018,191.4,72.8,57.7,Y,MD
13267,HONDA,Accord Sport,2018,191.4,72.8,57.7,Y,MD
13268,HONDA,Accord EX,2018,191.4,72.8,57.7,Y,MD
13269,HONDA,Accord EX-L,2018,191.4,72.8,57.7,Y,MD
13270,HONDA,Accord EX-L V6,2018,191.4,72.8,57.7,Y,MD
13271,HONDA,Accord Touring,2018,191.4,72.8,57.7,Y,MD
13272,HONDA,Accord Hybrid,2018,192.2,72.8,57.5,Y,MD
13273,HONDA,Accord EX-L Hybrid,2018,192.2,72.8,57.5,Y,MD
13274,HONDA,Accord Touring  Hybrid,2018,192.2,72.8,57.5,Y,MD
13275,HONDA,Accord Plug-In Hybrid,2018,192.2,72.8,57.7,Y,MD
13276,HONDA,Civic LX,2018,177.9,69,55,Y,MD
13277,HONDA,Civic EX,2018,177.9,69,55,Y,MD
13278,HONDA,Civic EX-L,2018,177.9,69,55,Y,MD
13279,HONDA,Civic SI,2018,178.8,69,55,Y,MD
13280,HONDA,Civic LX,2018,179.4,69,56.5,Y,MD
13281,HONDA,Civic SE,2018,179.4,69,56.5,Y,MD
13282,HONDA,Civic HF,2018,179.4,69,56.5,Y,MD
13283,HONDA,Civic EX,2018,179.4,69,56.5,Y,MD
13284,HONDA,Civic EX-L,2018,179.4,69,56.5,Y,MD
13285,HONDA,Civic GX,2018,179.4,69,56.5,Y,MD
13286,HONDA,Civic SI,2018,179.4,69,56.5,Y,MD
13287,HONDA,Civic Hybrid,2018,179.4,69,56.3,Y,MD
13298,HYUNDAI,Azera,2018,193.3,73.2,57.9,Y,MD
13299,HYUNDAI,Azera Limted,2018,193.3,73.2,57.9,Y,MD
13300,HYUNDAI,Elantra SE,2018,179.1,69.9,56.3,Y,MD
13301,HYUNDAI,Elantra Sport,2018,179.1,69.9,56.3,Y,MD
13302,HYUNDAI,Elantra Limited,2018,179.1,69.9,56.3,Y,MD
13303,HYUNDAI,Equus Signature,2018,203.1,74.4,58.7,Y,MD
13304,HYUNDAI,Equus Ultimate,2018,203.1,74.4,58.7,Y,MD
13305,HYUNDAI,Genesis 3.8,2018,182.3,73.4,54.5,Y,MD
13306,HYUNDAI,Genesis 3.8 R-Spec,2018,182.3,73.4,54.5,Y,MD
13307,HYUNDAI,Genesis 3.8 Ultimate,2018,182.3,73.4,54.5,Y,MD
13308,HYUNDAI,Genesis 3.8,2018,196.5,74.4,58.3,Y,MD
13309,HYUNDAI,Genesis 3.8 AWD,2018,196.5,74.4,58.3,Y,MD
13310,HYUNDAI,Genesis 5.0 R-Spec,2018,196.5,74.4,58.3,Y,MD
13311,HYUNDAI,Sonata SE,2018,191.1,73.4,58.1,Y,MD
13312,HYUNDAI,Sonata Sport,2018,191.1,73.4,58.1,Y,MD
13313,HYUNDAI,Sonata Limited,2018,191.1,73.4,58.1,Y,MD
13314,HYUNDAI,Sonata 2.0 Turbo,2018,191.1,73.4,58.1,Y,MD
13315,HYUNDAI,Sonata ECO,2018,191.1,73.4,58.1,Y,MD
13316,HYUNDAI,Sonata Hybrid,2018,189.8,72.2,57.7,Y,MD
13317,HYUNDAI,Sonata Hybrid Limited,2018,189.8,72.2,57.7,Y,MD
13323,INFINITI,Q50 3.7,2018,188.3,71.8,56.8,Y,MD
13324,INFINITI,Q50 3.7 AWD,2018,188.3,71.8,57.2,Y,MD
13325,INFINITI,Q50 3.7 Premium,2018,188.3,71.8,56.8,Y,MD
13326,INFINITI,Q50 3.7 Premium AWD,2018,188.3,71.8,57.2,Y,MD
13327,INFINITI,Q50S 3.7,2018,189.1,71.8,56.8,Y,MD
13328,INFINITI,Q50S 3.7 AWD,2018,189.1,71.8,57.2,Y,MD
13329,INFINITI,Q50 Hybrid Premium,2018,188.3,71.8,56.8,Y,MD
13330,INFINITI,Q50 Hybrid Premium AWD,2018,188.3,71.8,57.2,Y,MD
13331,INFINITI,Q50S Hybrid,2018,189.1,71.8,56.8,Y,MD
13332,INFINITI,Q50S Hybrid AWD,2018,189.1,71.8,57.2,Y,MD
13333,INFINITI,Q60 Coupe Journey,2018,183.1,71.8,54.8,Y,MD
13334,INFINITI,Q60 Coupe AWD,2018,183.1,71.8,55.4,Y,MD
13335,INFINITI,Q60S Coupe 6MT,2018,183.7,71.8,54.9,Y,MD
13336,INFINITI,Q60 Coupe Limited,2018,183.7,71.8,54.9,Y,MD
13337,INFINITI,Q60S Coupe Limited 6MT,2018,183.7,71.8,54.9,Y,MD
13338,INFINITI,Q60 Convertible,2018,183.3,72.9,55.1,Y,MD
13339,INFINITI,Q60S Convertible 6MT,2018,184,72.9,55.1,Y,MD
13340,INFINITI,Q60 IPL Convertible,2018,185.3,72.9,55.1,Y,MD
13341,INFINITI,Q70 3.7,2018,196.1,72.6,59.1,Y,MD
13342,INFINITI,Q70 3.7X,2018,196.1,72.6,59.6,Y,MD
13343,INFINITI,Q70 5.6,2018,196.1,72.6,59.1,Y,MD
13344,INFINITI,Q70 5.6X,2018,196.1,72.6,59.6,Y,MD
13345,INFINITI,Q70L 3.7,2018,202,72.6,59.1,Y,MD
13346,INFINITI,Q70L 3.7X,2018,202,72.6,59.6,Y,MD
13347,INFINITI,Q70L 5.6,2018,202,72.6,59.1,Y,MD
13348,INFINITI,Q70L 5.6X,2018,202,72.6,59.6,Y,MD
13349,INFINITI,Q70h,2018,196.1,72.6,59.1,Y,MD
13350,JAGUAR,F-Type,2018,176,75.7,51.5,Y,MD
13351,JAGUAR,F-Type S,2018,176,75.7,51.5,Y,MD
13352,JAGUAR,F-Type R,2018,176,75.7,52,Y,MD
13353,JAGUAR,F-Type,2018,176,75.7,51.5,Y,MD
13354,JAGUAR,F-Type S,2018,176,75.7,51.5,Y,MD
13355,JAGUAR,F-Type V8 S,2018,176,75.7,51.9,Y,MD
13356,JAGUAR,XF 2.0T Premiumn,2018,195.3,73.9,57.5,Y,MD
13357,JAGUAR,XF 3.0 Sport,2018,195.3,73.9,57.5,Y,MD
13358,JAGUAR,XF 3.0 Portfolio,2018,195.3,71.6,57.5,Y,MD
13359,JAGUAR,XF 5.0 Supercharged,2018,195.3,71.6,57.5,Y,MD
13360,JAGUAR,XFR,2018,195.3,71.6,57.5,Y,MD
13361,JAGUAR,XFR-S,2018,195.3,71.6,57.5,Y,MD
13362,JAGUAR,XF 3.0 Sport AWD,2018,195.3,71.6,57.5,Y,MD
13363,JAGUAR,XF Portfolio AWD,2018,195.3,71.6,57.5,Y,MD
13364,JAGUAR,XJ,2018,201.9,74.6,57.3,Y,MD
13365,JAGUAR,XJ AWD,2018,201.9,74.6,57.3,Y,MD
13366,JAGUAR,XJ Supercharged,2018,201.9,74.6,57.3,Y,MD
13367,JAGUAR,XJR,2018,201.9,74.6,57.3,Y,MD
13372,JAGUAR,XK,2018,188.7,74.5,52,Y,MD
13373,JAGUAR,XKR,2018,188.7,74.5,52,Y,MD
13374,JAGUAR,XKR-S,2018,188.7,74.5,51.6,Y,MD
13375,JAGUAR,XK,2018,188.7,74.5,52.3,Y,MD
13376,JAGUAR,XKR,2018,188.7,74.5,52.3,Y,MD
13377,JAGUAR,XKR-S,2018,188.7,74.5,51.9,Y,MD
13378,KIA,Cadenza Premium,2018,195.5,72.8,58.1,Y,MD
13379,KIA,Cadenza Limited,2018,195.5,72.8,58.1,Y,MD
13380,KIA,Forte Koup EX,2018,178.3,70.1,55.5,Y,MD
13381,KIA,Forte Koup SX,2018,178.3,70.1,55.5,Y,MD
13382,KIA,Forte LX,2018,179.5,70.1,56.3,Y,MD
13383,KIA,Forte EX,2018,179.5,70.1,56.3,Y,MD
13386,KIA,K900 5.0 Premium,2018,200.6,74.8,58.7,Y,MD
13387,KIA,K900 5.0 Luxury,2018,200.6,74.8,58.7,Y,MD
13388,KIA,Optima LX,2018,190.7,72.1,57.9,Y,MD
13389,KIA,Optima EX,2018,190.7,72.1,57.9,Y,MD
13390,KIA,Optima SX,2018,190.7,72.1,57.9,Y,MD
13391,KIA,Optima SX 2.0T,2018,190.7,72.1,57.1,Y,MD
13392,KIA,Optima SXL 2.0T,2018,190.7,72.1,57.1,Y,MD
13393,KIA,Optima Hybrid LX,2018,190.7,72.1,57,Y,MD
13394,KIA,Optima Hybrid EX,2018,190.7,72.1,57,Y,MD
13405,LEXUS,ES 350,2018,192.7,71.7,57.1,Y,MD
13406,LEXUS,ES 300h,2018,192.7,71.7,57.1,Y,MD
13407,LEXUS,GS 350,2018,190.7,72.4,57.3,Y,MD
13408,LEXUS,GS 350 AWD,2018,190.7,72.4,57.9,Y,MD
13409,LEXUS,GS 450h,2018,190.7,72.4,57.3,Y,MD
13410,LEXUS,GS 450h F-Sport,2018,190.7,72.4,57.3,Y,MD
13411,LEXUS,IS 250,2018,183.7,71.3,56.3,Y,MD
13412,LEXUS,IS 250 AWD,2018,183.7,71.3,56.3,Y,MD
13413,LEXUS,IS 250 C,2018,182.5,70.9,55.7,Y,MD
13414,LEXUS,IS 350,2018,183.7,71.3,56.3,Y,MD
13415,LEXUS,IS 350 AWD,2018,183.7,71.3,56.3,Y,MD
13416,LEXUS,IS 350 C,2018,182.5,70.9,55.7,Y,MD
13417,LEXUS,RC 350,2018,184.8,72.4,54.9,Y,MD
13418,LEXUS,RC 350 AWD,2018,184.8,72.4,55.1,Y,MD
13419,LEXUS,LS 460,2018,200,73.8,58.1,Y,MD
13420,LEXUS,LS 460,2018,200,73.8,58.1,Y,MD
13427,LINCOLN,MKZ 2.0T,2018,194.1,73.4,58.2,Y,MD
13428,LINCOLN,MKZ 3.7,2018,194.1,73.4,58.2,Y,MD
13429,LINCOLN,MKZ 2.0T AWD,2018,194.1,73.4,58.2,Y,MD
13430,LINCOLN,MKZ 3.7 AWD,2018,194.1,73.4,58.2,Y,MD
13431,LINCOLN,MKZ Hybrid,2018,194.1,73.4,58.1,Y,MD
13432,LINCOLN,MKZ Hybrid Black Label,2018,194.1,73.4,58.1,Y,MD
13433,MAZDA,Mazda3 i Special Value,2018,180.3,70.7,57.3,Y,MD
13434,MAZDA,Mazda3 i Sport,2018,180.3,70.7,57.3,Y,MD
13435,MAZDA,Mazda3 i Touring,2018,180.3,70.7,57.3,Y,MD
13436,MAZDA,Mazda3 i Grand Touring,2018,180.3,70.7,57.3,Y,MD
13437,MAZDA,Mazda3 s Touring,2018,180.3,70.7,57.3,Y,MD
13438,MAZDA,Mazda3 s Grand Touring,2018,180.3,70.7,57.3,Y,MD
13439,MAZDA,Mazda3 i Sport,2018,175.6,70.7,57.3,Y,MD
13440,MAZDA,Mazda3 i Touring,2018,175.6,70.7,57.3,Y,MD
13441,MAZDA,Mazda3 i Grand Touring,2018,175.6,70.7,57.3,Y,MD
13442,MAZDA,Mazda3 s Touring,2018,175.6,70.7,57.3,Y,MD
13443,MAZDA,Mazda3 s Grand Touring,2018,175.6,70.7,57.3,Y,MD
13444,MAZDA,Mazda6 i Sport,2018,191.5,72.4,57.1,Y,MD
13445,MAZDA,Mazda6 I Touring,2018,191.5,72.4,57.1,Y,MD
13446,MAZDA,Mazda6 i Grand Touring,2018,191.5,72.4,57.1,Y,MD
13453,MERCEDES-BENZ,C250,2018,180.7,69.7,54.8,Y,MD
13454,MERCEDES-BENZ,C350,2018,180.7,69.7,54.8,Y,MD
13455,MERCEDES-BENZ,C350 4MATIC,2018,180.7,69.7,54.8,Y,MD
13456,MERCEDES-BENZ,C63 AMG,2018,185.3,69.7,54.6,Y,MD
13457,MERCEDES-BENZ,C300,2018,184.5,71.3,56.8,Y,MD
13458,MERCEDES-BENZ,C300 Luxury,2018,184.5,71.3,56.8,Y,MD
13459,MERCEDES-BENZ,C300 Sport,2018,184.5,71.3,56.8,Y,MD
13460,MERCEDES-BENZ,C300 4MATIC,2018,184.5,71.3,56.8,Y,MD
13461,MERCEDES-BENZ,C400 4MATIC,2018,184.5,71.3,56.8,Y,MD
13462,MERCEDES-BENZ,C300  Luxury 4MATIC,2018,184.5,71.3,56.8,Y,MD
13463,MERCEDES-BENZ,C300  Sport 4MATIC,2018,184.5,71.3,56.8,Y,MD
13464,MERCEDES-BENZ,CLS400,2018,194.5,74.1,55.8,Y,MD
13465,MERCEDES-BENZ,CLS400 4MATIC,2018,194.5,74.1,55.8,Y,MD
13466,MERCEDES-BENZ,CLS550,2018,194.5,74.1,55.8,Y,MD
13467,MERCEDES-BENZ,CLS550 4MATIC,2018,194.5,74.1,55.8,Y,MD
13468,MERCEDES-BENZ,E400,2018,185,70.3,54.8,Y,MD
13469,MERCEDES-BENZ,E400 4MATIC,2018,185,70.3,54.8,Y,MD
13470,MERCEDES-BENZ,E400 Cabriolet,2018,185,70.3,55,Y,MD
13471,MERCEDES-BENZ,E550,2018,185,70.3,54.8,Y,MD
13472,MERCEDES-BENZ,E550 Cabriolet,2018,185,70.3,55,Y,MD
13473,MERCEDES-BENZ,E250 BlueTEC,2018,192.1,73,57.1,Y,MD
13474,MERCEDES-BENZ,E250 BlueTEC 4MATIC,2018,192.1,73,57.1,Y,MD
13475,MERCEDES-BENZ,E350,2018,192.1,73,57.1,Y,MD
13476,MERCEDES-BENZ,E350 4MATIC,2018,192.1,73,57.1,Y,MD
13477,MERCEDES-BENZ,E350 4MATIC,2018,192.7,73,58.9,Y,MD
13478,MERCEDES-BENZ,E400,2018,192.1,73,57.1,Y,MD
13479,MERCEDES-BENZ,E400 4MATIC,2018,192.1,73,57.1,Y,MD
13480,MERCEDES-BENZ,E63 AMG 4MATIC,2018,192.9,73.7,56.8,Y,MD
13481,MERCEDES-BENZ,E63 AMG S-Model 4MATIC,2018,192.9,73.7,56.8,Y,MD
13482,MERCEDES-BENZ,E63 AMG,2018,193.4,70.3,57.8,Y,MD
13483,MERCEDES-BENZ,E400 Hybrid,2018,192.1,70.3,57.9,Y,MD
13484,MERCEDES-BENZ,S550 4MATIC,2018,197.9,74.8,55.8,Y,MD
13485,MERCEDES-BENZ,S63 AMG,2018,198.6,75.3,56,Y,MD
13491,MERCEDES-BENZ,SL400,2018,181.6,73.9,51.8,Y,MD
13492,MERCEDES-BENZ,SL550,2018,181.6,73.9,51.8,Y,MD
13493,MERCEDES-BENZ,SL63 AMG,2018,182.4,82.6,51.2,Y,MD
13494,MERCEDES-BENZ,SL65 AMG,2018,182.4,82.6,51.2,Y,MD
13498,MERCEDES-BENZ,SLS AMG GT,2018,182.6,76.3,49.3,Y,MD
13499,MERCEDES-BENZ,SLS AMG GT,2018,182.6,76.3,49.7,Y,MD
13517,MITSUBISHI,Lancer ES,2018,180,69.4,58.3,Y,MD
13518,MITSUBISHI,Lancer GT,2018,180,69.4,58.7,Y,MD
13519,MITSUBISHI,Lancer SE AWC,2018,180,69.4,58.3,Y,MD
13520,MITSUBISHI,Lancer Ralliart AWC,2018,180,69.4,58.7,Y,MD
13521,MITSUBISHI,Lancer Evolution GSR,2018,177,71.3,58.3,Y,MD
13522,MITSUBISHI,Lancer MR,2018,177,71.3,58.3,Y,MD
13534,NISSAN,Altima 2.5,2018,191.5,72,57.9,Y,MD
13535,NISSAN,Altima 2.5 S,2018,191.5,72,57.9,Y,MD
13536,NISSAN,Altima 2.5 SV,2018,191.5,72,57.9,Y,MD
13537,NISSAN,Altima 2.5 SL,2018,191.5,72,57.9,Y,MD
13538,NISSAN,Altima 3.5 S,2018,191.5,72,58.1,Y,MD
13539,NISSAN,Altima 3.5 SV,2018,191.5,72,58.1,Y,MD
13540,NISSAN,Altima 3.5 SL,2018,191.5,72,58.1,Y,MD
13541,NISSAN,GT-R Premium,2018,183.8,74.6,53.9,Y,MD
13542,NISSAN,GT-R Black Edition,2018,183.8,74.6,53.9,Y,MD
13543,NISSAN,GT-R Track Edition,2018,183.8,74.6,53.9,Y,MD
13544,NISSAN,GT-R NISMO,2018,183.8,74.6,53.9,Y,MD
13545,NISSAN,Sentra S,2018,182.1,69.3,58.9,Y,MD
13546,NISSAN,Sentra S FE+,2018,182.1,69.3,58.9,Y,MD
13547,NISSAN,Sentra SV,2018,182.1,69.3,58.9,Y,MD
13548,NISSAN,Sentra SR,2018,182.5,69.3,58.9,Y,MD
13549,NISSAN,Sentra SL,2018,182.1,69.3,58.9,Y,MD
13555,NISSAN,Versa 1.6 S,2018,175.4,66.7,59.6,Y,MD
13556,NISSAN,Versa 1.6 S Plus,2018,175.4,66.7,59.6,Y,MD
13557,NISSAN,Versa 1.6 SV,2018,175.4,66.7,59.6,Y,MD
13558,NISSAN,Versa 1.6 SL,2018,175.4,66.7,59.6,Y,MD
13565,PORSCHE,Panamera,2018,197.4,76,55.8,Y,MD
13566,PORSCHE,Panamera 4,2018,197.4,76,55.8,Y,MD
13567,PORSCHE,Panamera S,2018,197.4,76,55.8,Y,MD
13568,PORSCHE,Panamera 4S,2018,197.4,76,55.8,Y,MD
13569,PORSCHE,Panamera 4S Executive,2018,203.4,76,56.1,Y,MD
13570,PORSCHE,Panamera GTS,2018,197.4,76,55.4,Y,MD
13571,PORSCHE,Panamera Turbo,2018,197.4,76,55.4,Y,MD
13572,PORSCHE,Panamera Turbo Executive,2018,203.3,76,56.1,Y,MD
13573,PORSCHE,Panamera Turbo S,2018,197.4,76,55.4,Y,MD
13574,PORSCHE,Panamera Turbo S Executive,2018,203.3,76,56.1,Y,MD
13575,PORSCHE,Panamera S Hybrid,2018,197.4,76,55.8,Y,MD
13576,PORSCHE,911 Carrera,2018,176.8,71.2,51.3,Y,MD
13577,PORSCHE,911 Carrera S,2018,176.8,71.2,51,Y,MD
13578,PORSCHE,911 Carrera GTS,2018,177.5,72.9,51,Y,MD
13579,PORSCHE,911 Carrera 4,2018,176.8,72.9,51.3,Y,MD
13580,PORSCHE,911 Carrera 4S,2018,176.8,71.2,51,Y,MD
13581,PORSCHE,911 Carrera 4 GTS,2018,177.5,72.9,51,Y,MD
13582,PORSCHE,911 Targa 4,2018,176.8,72.9,51.1,Y,MD
13583,PORSCHE,911 Targa S4,2018,176.8,71.2,50.8,Y,MD
13584,PORSCHE,911 GT3,2018,178.9,72.9,50,Y,MD
13585,PORSCHE,911 Carrera,2018,176.8,71.2,51.1,Y,MD
13586,PORSCHE,911 Carrera S,2018,176.8,71.2,51,Y,MD
13587,PORSCHE,911 Carrera GTS,2018,177.5,72.9,51,Y,MD
13588,PORSCHE,911 Carrera 4,2018,176.8,71.2,51.1,Y,MD
13589,PORSCHE,911 Carrera 4S,2018,176.8,71.2,51,Y,MD
13590,PORSCHE,911 Carrera 4 GTS,2018,177.5,72.9,51,Y,MD
13591,PORSCHE,911 Turbo,2018,177.4,74,51,Y,MD
13592,PORSCHE,911 Turbo Cabriolet,2018,177.4,74,50.9,Y,MD
13593,PORSCHE,911 Turbo S,2018,177.4,74,51,Y,MD
13594,PORSCHE,911 Turbo S Cabriolet,2018,177.4,74,50.9,Y,MD
13595,PORSCHE,918 Targa,2018,182.8,76.4,45.9,Y,MD
13596,PORSCHE,918 Targa Weissach,2018,182.8,76.4,45.9,Y,MD
13607,SCION,tC,2018,176.6,70.7,55.7,Y,MD
13615,SUBARU,Impreza 2.0i,2018,180.5,68.5,57.7,Y,MD
13616,SUBARU,Impreza 2.0i Premium,2018,180.5,68.5,57.7,Y,MD
13617,SUBARU,Impreza 2.0i Limited,2018,180.5,68.5,57.7,Y,MD
13618,SUBARU,Impreza 2.0i,2018,174,68.5,58.1,Y,MD
13619,SUBARU,Impreza 2.0i Premium,2018,174,68.5,58.1,Y,MD
13620,SUBARU,Impreza 2.0i Sport Premium,2018,174,68.5,58.1,Y,MD
13621,SUBARU,Impreza 2.0i Limited,2018,174,68.5,58.1,Y,MD
13622,SUBARU,Impreza 2.0i Sport Limited,2018,174,68.5,58.1,Y,MD
13623,SUBARU,WRX,2018,180.9,70.7,58.1,Y,MD
13624,SUBARU,WRX Premium,2018,180.9,70.7,58.1,Y,MD
13625,SUBARU,WRX Limited,2018,180.9,70.7,58.1,Y,MD
13626,SUBARU,WRX Sti,2018,180.9,70.7,58.1,Y,MD
13627,SUBARU,WRX STi Launch,2018,180.3,68.5,58.1,Y,MD
13628,SUBARU,WRX STi Premium,2018,180.3,68.5,58.1,Y,MD
13630,SUBARU,Legacy 2.5i,2018,188.8,72.4,59,Y,MD
13631,SUBARU,Legacy 2.5i Premium,2018,188.8,72.4,59,Y,MD
13632,SUBARU,Legacy 2.5i Limited,2018,188.8,72.4,59,Y,MD
13633,SUBARU,Legacy 3.6R Limited,2018,188.8,72.4,59,Y,MD
13634,TOYOTA,Avalon XLE,2018,195.2,72.2,57.5,Y,MD
13635,TOYOTA,Avalon XLE Premium,2018,195.2,72.2,57.5,Y,MD
13636,TOYOTA,Avalon XLE Touring,2018,195.2,72.2,57.5,Y,MD
13637,TOYOTA,Avalon XLE Touring Sport,2018,195.2,72.2,57.5,Y,MD
13638,TOYOTA,Avalon Limited,2018,195.2,72.2,57.5,Y,MD
13639,TOYOTA,Avalon Hybrid XLE Premium,2018,195.2,72.2,57.5,Y,MD
13640,TOYOTA,Avalon Hybrid XLE Touring,2018,195.2,72.2,57.5,Y,MD
13641,TOYOTA,Avalon Hybrid XLE Limited,2018,195.2,72.2,57.5,Y,MD
13642,TOYOTA,Camry LE,2018,190.9,71.7,57.9,Y,MD
13643,TOYOTA,Camry SE,2018,190.9,71.7,57.9,Y,MD
13644,TOYOTA,Camry XSE,2018,190.9,71.7,57.9,Y,MD
13645,TOYOTA,Camry XSE V6,2018,190.9,71.7,57.9,Y,MD
13646,TOYOTA,Camry XLE,2018,190.9,71.7,57.9,Y,MD
13647,TOYOTA,Camry XLE V6,2018,190.9,71.7,57.9,Y,MD
13648,TOYOTA,Camry Hybrid LE,2018,190.9,71.7,57.9,Y,MD
13649,TOYOTA,Camry Hybrid SE,2018,190.9,71.7,57.9,Y,MD
13650,TOYOTA,Camry Hybrid XLE,2018,190.9,71.7,57.9,Y,MD
13651,TOYOTA,Corolla L,2018,182.6,69.9,57.3,Y,MD
13652,TOYOTA,Corolla LE,2018,182.6,69.9,57.3,Y,MD
13653,TOYOTA,Corolla LE Plus,2018,182.6,69.9,57.3,Y,MD
13654,TOYOTA,Corolla LE Premium,2018,182.6,69.9,57.3,Y,MD
13655,TOYOTA,Corolla LE Eco,2018,183.1,69.9,57.3,Y,MD
13656,TOYOTA,Corolla LE Eco Plus,2018,183.1,69.9,57.3,Y,MD
13657,TOYOTA,Corolla LE Eco Premium,2018,183.1,69.9,57.3,Y,MD
13658,TOYOTA,Corolla S,2018,182.6,69.9,57.3,Y,MD
13659,TOYOTA,Corolla S Plus,2018,182.6,69.9,57.3,Y,MD
13660,TOYOTA,Corolla S Premium,2018,182.6,69.9,57.3,Y,MD
13665,TOYOTA,Prius I,2018,176.4,68.7,58.7,Y,MD
13666,TOYOTA,Prius II,2018,176.4,68.7,58.7,Y,MD
13667,TOYOTA,Prius III,2018,176.4,68.7,58.7,Y,MD
13668,TOYOTA,Prius SE Persona,2018,176.4,68.7,58.7,Y,MD
13669,TOYOTA,Prius IV,2018,176.4,68.7,58.7,Y,MD
13670,TOYOTA,Prius V,2018,176.4,68.7,58.7,Y,MD
13671,TOYOTA,Prius v II,2018,182.3,69.9,62,Y,MD
13672,TOYOTA,Prius v III,2018,182.3,69.9,62,Y,MD
13673,TOYOTA,Prius v IV,2018,182.3,69.9,62,Y,MD
13674,TOYOTA,Prius v  V,2018,182.3,69.9,62,Y,MD
13675,TOYOTA,Prius Plug-in,2018,176.4,68.7,58.7,Y,MD
13676,TOYOTA,Prius Plug-in Advanced,2018,176.4,68.7,58.7,Y,MD
13689,VOLKSWAGEN,CC 2.0T Sport,2018,189.1,73,55.8,Y,MD
13690,VOLKSWAGEN,CC  2.0T R-Line,2018,189.1,73,55.8,Y,MD
13691,VOLKSWAGEN,CC  2.0T Executive,2018,189.1,73,55.8,Y,MD
13692,VOLKSWAGEN,CC VR6 4Motion Executive,2018,189.1,73,55.8,Y,MD
13693,VOLKSWAGEN,Eos Komfort,2018,174.1,70.5,56.9,Y,MD
13694,VOLKSWAGEN,Eos Final Edition,2018,174.1,70.5,56.9,Y,MD
13695,VOLKSWAGEN,Eos Executive,2018,174.1,70.5,56.9,Y,MD
13709,VOLKSWAGEN,Jetta,2018,183.3,70,57.2,Y,MD
13710,VOLKSWAGEN,Jetta S,2018,183.3,70,57.2,Y,MD
13711,VOLKSWAGEN,Jetta 1.8T SE,2018,183.3,70,57.2,Y,MD
13712,VOLKSWAGEN,Jetta 1.8T Sport,2018,183.3,70,57.2,Y,MD
13713,VOLKSWAGEN,Jetta 1.8T SEL,2018,183.3,70,57.2,Y,MD
13714,VOLKSWAGEN,Jetta TDI S,2018,183.3,70,57.2,Y,MD
13715,VOLKSWAGEN,Jetta TDI SE,2018,183.3,70,57.2,Y,MD
13716,VOLKSWAGEN,Jetta TDI SEL,2018,183.3,70,57.2,Y,MD
13717,VOLKSWAGEN,Jetta GLI,2018,182.2,70,56.6,Y,MD
13718,VOLKSWAGEN,Jetta GLI SE,2018,182.2,70,56.6,Y,MD
13719,VOLKSWAGEN,Jetta Sportwagen S,2018,179.6,70.8,58.3,Y,MD
13720,VOLKSWAGEN,Jetta Sportwagen SE,2018,179.6,70.8,58.3,Y,MD
13721,VOLKSWAGEN,Jetta Sportwagen SEL,2018,179.6,70.8,58.3,Y,MD
13722,VOLKSWAGEN,Jetta Sportwagen TDI S,2018,179.6,70.8,58.3,Y,MD
13723,VOLKSWAGEN,Jetta Sportwagen TDI SE,2018,179.6,70.8,58.3,Y,MD
13724,VOLKSWAGEN,Jetta Sportwagen TDI SEL,2018,179.6,70.8,58.3,Y,MD
13725,VOLKSWAGEN,Jetta Hybrid SEL Premium,2018,182.8,70,57.2,Y,MD
13726,VOLKSWAGEN,Passat 1.8T S,2018,191.6,72.2,58.5,Y,MD
13727,VOLKSWAGEN,Passat 1.8T Wolfsburg,2018,191.6,72.2,58.5,Y,MD
13728,VOLKSWAGEN,Passat 1.8T SE,2018,191.6,72.2,58.5,Y,MD
13729,VOLKSWAGEN,Passat 1.8T Sport,2018,191.6,72.2,58.5,Y,MD
13730,VOLKSWAGEN,Passat 1.8 SEL Premium,2018,191.6,72.2,58.5,Y,MD
13731,VOLKSWAGEN,Passat TDI SE,2018,191.6,72.2,58.5,Y,MD
13732,VOLKSWAGEN,Passat TDI SEL Premium,2018,191.6,72.2,58.5,Y,MD
13733,VOLKSWAGEN,Passat 3.6 SEL Premium,2018,191.6,72.2,58.5,Y,MD
13734,VOLVO,S60 T5 E-Drive,2018,182.5,73.4,58.4,Y,MD
13735,VOLVO,S60 T5 E-Drive Premier,2018,182.5,73.4,58.4,Y,MD
13736,VOLVO,S60 T5 E-Drive Premier Plus,2018,182.5,73.4,58.4,Y,MD
13737,VOLVO,S60 T5 E-Drive Platinum,2018,182.5,73.4,58.4,Y,MD
13738,VOLVO,S60 T6 E-Drive,2018,182.5,73.4,58.4,Y,MD
13739,VOLVO,S60 T6 E-Drive Premier Plus,2018,182.5,73.4,58.4,Y,MD
13740,VOLVO,S60 T6 E-Drive Platinum,2018,182.5,73.4,58.4,Y,MD
13741,VOLVO,S60 T5 AWD,2018,182.5,73.4,58.4,Y,MD
13742,VOLVO,S60 T5 AWD Premier,2018,182.5,73.4,58.4,Y,MD
13743,VOLVO,S60 T5 AWD Premier Plus,2018,182.5,73.4,58.4,Y,MD
13744,VOLVO,S60 T5 AWD Platinum,2018,182.5,73.4,58.4,Y,MD
13745,VOLVO,S60 T6 AWD R-Design,2018,182.5,73.4,58.4,Y,MD
13746,VOLVO,S60 T6 AWD R-Design Platinum,2018,182.5,73.4,58.4,Y,MD
13747,VOLVO,V60 T5 E-Drive,2018,182.5,73.4,58.4,Y,MD
13748,VOLVO,V60 T5 E-Drive Premier,2018,182.5,73.4,58.4,Y,MD
13749,VOLVO,V60 T5 E-Drive Premier Plus,2018,182.5,73.4,58.4,Y,MD
13750,VOLVO,V60 T5 E-Drive Platinum,2018,182.5,73.4,58.4,Y,MD
13751,VOLVO,V60 T5 AWD,2018,182.5,73.4,58.4,Y,MD
13752,VOLVO,V60 T5 AWD Premier,2018,182.5,73.4,58.4,Y,MD
13753,VOLVO,V60 T5 AWD Premier Plus,2018,182.5,73.4,58.4,Y,MD
13754,VOLVO,V60 T5 AWD Platinum,2018,182.5,73.4,58.4,Y,MD
13755,VOLVO,V60 T6 AWD R-Design,2018,182.5,73.4,58.4,Y,MD
13756,VOLVO,V60 T6 AWD R-Design Platinum,2018,182.5,73.4,58.4,Y,MD
13757,VOLVO,S80 T5 E-Drive,2018,191.1,73.3,58.8,Y,MD
13758,VOLVO,S80 T5 E-Drive Premier Plus,2018,191.1,73.3,58.8,Y,MD
13759,VOLVO,S80 T5 E-Drive Platinum,2018,191.1,73.3,58.8,Y,MD
13760,VOLVO,S80 T6 AWD,2018,191.1,73.3,58.8,Y,MD
13761,VOLVO,S80 T6 AWD Premier Plus,2018,191.1,73.3,58.8,Y,MD
13762,VOLVO,S80 T6 AWD Platinum,2018,191.1,73.3,58.8,Y,MD
13800,ACURA,MDX,2018,193.6,77.2,66.7,Y,MD
13801,ACURA,MDX,2018,193.6,77.2,66.7,Y,MD
13802,ACURA,RDX,2018,183.5,73.7,66.1,Y,MD
13803,ACURA,RDX AWD,2018,183.5,73.7,66.1,Y,MD
13804,AUDI,Allroad 2.0T,2018,185.9,72.5,58,Y,MD
13805,AUDI,Q5 2.0,2018,182.6,74.7,65.2,Y,MD
13806,AUDI,Q5 3.0 Quattro,2018,182.6,74.7,65.2,Y,MD
13807,AUDI,Q5 TDI,2018,182.6,74.7,65.2,Y,MD
13808,AUDI,Q5 Hybrid,2018,182.6,74.7,65,Y,MD
13809,AUDI,Q7 3.0T,2018,200.3,78.1,68.4,Y,MD
13810,AUDI,SQ5 2.0T Quattro Premium,2018,183,75.2,65.3,Y,MD
13811,BMW,X1 28i,2018,176.5,70.8,60.8,Y,MD
13812,BMW,X3 28i,2018,183.8,74.1,66.1,Y,MD
13813,BMW,X5 35i,2018,193.2,76.3,69.4,Y,MD
13814,BMW,X5 50i,2018,193.2,76.3,69.4,Y,MD
13815,BMW,X6 35i,2018,193.8,78.3,67,Y,MD
13816,BUICK,Enclave,2018,201.9,79,70.3,Y,MD
13818,CADILLAC,Escalade,2018,203.9,80.5,74.4,Y,MD
13819,CADILLAC,SRX,2018,190.3,75.2,65.7,Y,MD
13820,CHEVROLET,Captiva Sport,2018,180.1,72.8,67,Y,MD
13821,CHEVROLET,City Express,2018,186.3,68.1,73.7,Y,MD
13824,CHEVROLET,Equinox,2018,187.8,72.5,66.3,Y,MD
13829,CHEVROLET,Traverse,2018,203.7,78.5,69.9,Y,MD
13839,CHRYSLER,Town & Country,2018,202.8,78.7,66.9,Y,MD
13840,DODGE,Durango,2018,201.2,75.8,70.9,Y,MD
13841,DODGE,Grand Caravan,2018,202.8,78.7,68.9,Y,MD
13842,DODGE,Journey,2018,192.4,72.2,66.6,Y,MD
13843,FORD,Edge,2018,188.1,75.9,68.6,Y,MD
13848,FORD,PPV,2018,197.1,78.9,69.2,Y,MD
13860,GMC,Acadia,2018,200.8,78.9,70.4,Y,MD
13162,HYUNDAI,Tucson,2018,173.2,71.7,65.2,Y,SM
NULL,JEEP,Patriot,2018,173.8,69.2,65.5,Y,SM
13882,JEEP,Renegade,2018,166.6,71,66.5,Y,SM
13890,JEEP,Wrangler,2018,152.8,73.7,70.9,Y,SM
13891,JEEP,Wrangler Unlimited,2018,173.4,73.9,70.9,Y,SM
13892,LAND ROVER,Range Rover Evoque,2018,171.5,74.8,64.4,Y,SM
13893,MERCEDES-BENZ,GLA 250,2018,173.9,71,60,Y,SM
13899,MERCEDES-BENZ,GLA45 AMG 4MATIC,2018,173.9,71,60,Y,SM
13922,MINI,Cooper Countryman,2018,161.7,70.4,61.5,Y,SM
13923,MINI,Cooper Paceman,2018,162,70.3,59.9,Y,SM
13934,MITSUBISHI,Outlander Sport ES,2018,169.1,69.7,64.2,Y,SM
13935,MITSUBISHI,Outlander Sport SE,2018,169.1,69.7,64.2,Y,SM
13940,MITSUBISHI,Outlander Sport ES AWD,2018,169.1,69.7,64.2,Y,SM
13941,NISSAN,Juke,2018,162.4,69.5,61.8,Y,SM
13942,ALFA ROMEO,Alfa 4C,2018,157.5,73.5,46.6,Y,SM
13946,ALFA ROMEO,Alfa 4C  Launch Edition,2018,157.5,73.5,46.6,Y,SM
12911,AUDI,TT 2.0 Coupe Quattro,2018,165.3,72.5,53.2,Y,SM
12912,AUDI,TT 2.0T Roadster Quattro,2018,165.3,72.5,53.5,Y,SM
12948,AUDI,TTS 2.0T Coupe Quattro,2018,165.3,72.5,53,Y,SM
12949,AUDI,TTS 2.0T Roadster Quattro,2018,165.3,72.5,53.1,Y,SM
12950,BMW,i3 RE,2018,157.8,69.9,62.1,Y,SM
12951,BMW,Z4 sDrive28i,2018,166.9,70.5,50.8,Y,SM
12964,BMW,Z4 sDrive35i,2018,166.9,70.5,50.8,Y,SM
13042,BMW,Z4 sDrive35is,2018,167.1,70.5,50.6,Y,SM
13043,CHEVROLET,Sonic LS,2018,173.1,68.3,59.7,Y,SM
13044,CHEVROLET,Sonic LT,2018,173.1,68.3,59.7,Y,SM
13155,CHEVROLET,Sonic LTZ,2018,173.1,68.3,59.7,Y,SM
13156,CHEVROLET,Sonic RS,2018,173.1,68.3,59.3,Y,SM
13157,CHEVROLET,Sonic LS,2018,159,68.3,59.7,Y,SM
13158,CHEVROLET,Sonic LT,2018,159,68.3,59.7,Y,SM
13159,CHEVROLET,Sonic LTZ,2018,159,68.3,59.7,Y,SM
13160,CHEVROLET,Spark LS,2018,144.7,62.9,61,Y,SM
13161,CHEVROLET,Spark LT,2018,144.7,62.9,61,Y,SM
13163,FIAT,Fiat 500 Pop,2018,139.6,64.1,59.8,Y,SM
13164,FIAT,Fiat 500 Sport,2018,139.6,64.1,59.8,Y,SM
13206,FIAT,Fiat 500 Lounge,2018,139.6,64.1,59.8,Y,SM
13207,FIAT,Fiat 500 Turbo,2018,144.4,64.1,59.8,Y,SM
13208,FIAT,Fiat 500c Pop,2018,139.6,64.1,59.8,Y,SM
13209,FIAT,Fiat 500c Lounge,2018,139.6,64.1,59.8,Y,SM
13210,FIAT,Fiat 500 Abarth,2018,144.4,64.1,58.7,Y,SM
13211,FIAT,Fiat 500 Abarth Cabrio,2018,144.4,64.1,59.2,Y,SM
13212,FIAT,Fiat 500L Pop,2018,167.3,69.8,65.7,Y,SM
13213,FIAT,Fiat 500L Easy,2018,167.3,69.8,65.7,Y,SM
13214,FIAT,Fiat 500L Trekking,2018,167.3,69.8,65.7,Y,SM
13215,FIAT,Fiat 500L Lounge,2018,167.3,69.8,65.7,Y,SM
13216,FORD,C-Max SE,2018,173.6,72,63.9,Y,SM
13217,FORD,C-Max SEL,2018,173.6,72,63.9,Y,SM
13218,FORD,C-Max Energi SEL,2018,173.6,72,63.8,Y,SM
13219,FORD,Fiesta S,2018,173.5,67.8,58,Y,SM
13220,FORD,Fiesta SE,2018,173.5,67.8,58,Y,SM
13221,FORD,Fiesta Titanium,2018,173.5,67.8,58,Y,SM
13222,FORD,Fiesta S,2018,159.7,67.8,58.1,Y,SM
13223,FORD,Fiesta SE,2018,159.7,67.8,58.1,Y,SM
13224,FORD,Fiesta Titanium,2018,159.7,67.8,58.1,Y,SM
13225,FORD,Fiesta ST,2018,160.1,67.8,57.2,Y,SM
13226,FORD,Focus SE,2018,171.6,71.8,57.7,Y,SM
13227,FORD,Focus Titanium,2018,171.6,71.8,57.7,Y,SM
13231,FORD,Focus ST,2018,171.7,71.8,58.4,Y,SM
13232,HONDA,CR-Z,2018,160.5,68.5,54.9,Y,SM
13233,HONDA,CR-Z,2018,160.5,68.5,54.9,Y,SM
13288,HONDA,CR-Z EX,2018,160.5,68.5,54.9,Y,SM
13289,HONDA,CR-Z EX,2018,160.5,68.5,54.9,Y,SM
13290,HONDA,Fit LX,2018,160,67,60,Y,SM
13291,HONDA,Fit EX,2018,160,67,60,Y,SM
13292,HONDA,Fit EX-L,2018,160,67,60,Y,SM
13293,HYUNDAI,Accent GLS,2018,172,66.9,57.1,Y,SM
13294,HYUNDAI,Accent GS,2018,162,66.9,57.1,Y,SM
13295,HYUNDAI,Accent Sport,2018,162,66.9,57.1,Y,SM
13296,HYUNDAI,Veloster,2018,166.1,70.5,55.1,Y,SM
13297,HYUNDAI,Veloster,2018,166.1,70.5,55.1,Y,SM
13318,HYUNDAI,Veloster RE:FLEX,2018,166.1,70.5,55.1,Y,SM
13319,HYUNDAI,Veloster Turbo,2018,167.3,71.1,55.1,Y,SM
13320,HYUNDAI,Veloster Turbo R-Spec,2018,167.3,71.1,55.1,Y,SM
13321,KIA,Forte5 EX,2018,171.3,70.1,56.3,Y,SM
13322,KIA,Forte5 SX,2018,171.3,70.1,57.1,Y,SM
13384,KIA,Rio LX,2018,171.9,67.7,57.3,Y,SM
13385,KIA,Rio EX,2018,171.9,67.7,57.3,Y,SM
13395,KIA,Rio SX,2018,171.9,67.7,57.3,Y,SM
13396,KIA,Rio5 LX,2018,159.3,67.7,57.3,Y,SM
13397,KIA,Rio5 EX,2018,159.3,67.7,57.3,Y,SM
13398,KIA,Rio5 SX,2018,159.3,67.7,57.3,Y,SM
13399,KIA,Soul,2018,163,70.9,63,Y,SM
13400,KIA,Soul+,2018,163,70.9,63,Y,SM
13401,KIA,Soul!,2018,163,70.9,63,Y,SM
13402,LEXUS,CT 200h,2018,171.2,69.5,57.3,Y,SM
13403,MAZDA,MX-5 Miata Sport,2018,157.3,67.7,49,Y,SM
13404,MAZDA,MX-5 Miata Club,2018,157.3,67.7,49,Y,SM
13447,MAZDA,MX-5 Miata Grand Touring,2018,157.3,67.7,49,Y,SM
13448,MAZDA,MX-5 Miata Club (PRHT),2018,157.3,67.7,49.4,Y,SM
13449,MAZDA,MX-5 Miata Grand Touring (PRHT),2018,157.3,67.7,49.4,Y,SM
13450,MAZDA,MX-5 Miata 25th Anniversary (PRHT),2018,157.3,67.7,49.4,Y,SM
13451,MERCEDES-BENZ,SLK250,2018,162.8,71.5,51.2,Y,SM
13452,MERCEDES-BENZ,SLK350,2018,162.8,71.5,51.2,Y,SM
13495,MERCEDES-BENZ,SLK55 AMG,2018,163.2,71.5,51.2,Y,SM
13496,MINI,Mini Cooper,2018,151.1,68,55.7,Y,SM
13497,MINI,Mini Cooper S,2018,151.9,68,55.7,Y,SM
13500,MINI,Mini Cooper,2018,157.4,68,56.1,Y,SM
13501,MINI,Mini Cooper S,2018,157.4,68,56.1,Y,SM
13502,MINI,Mini Cooper,2018,146.6,66.3,55.7,Y,SM
13503,MINI,Mini Cooper S,2018,146.8,66.3,55.7,Y,SM
13504,MINI,Mini Cooper Coupe,2018,147,66.3,54.5,Y,SM
13505,MINI,Mini Cooper S Coupe,2018,148,66.3,54.5,Y,SM
13506,MINI,Mini Cooper Roadster,2018,146.8,66.3,55.4,Y,SM
13507,MINI,Mini Cooper S Roadster,2018,147,66.3,55.4,Y,SM
13508,MINI,Mini Cooper Paceman,2018,162.2,70.3,59.8,Y,SM
13509,MINI,Mini Cooper Paceman S,2018,162.2,70.3,59.9,Y,SM
13510,MINI,Mini Cooper Paceman S ALL4,2018,162.2,70.3,59.9,Y,SM
13511,MINI,Mini John Cooper Works,2018,147,66.3,55.7,Y,SM
13512,MINI,Mini John Cooper Works Coupe,2018,148,66.3,54.5,Y,SM
13513,MINI,Mini John Cooper Works Roadster,2018,147,66.3,54.8,Y,SM
13514,MINI,Mini Paceman John Cooper Works,2018,162.8,70.3,60.1,Y,SM
13515,MITSUBISHI,Mirage DE,2018,148.8,65.6,59.4,Y,SM
13516,MITSUBISHI,Mirage ES,2018,148.8,65.6,59.4,Y,SM
13523,NISSAN,370Z,2018,167.5,72.6,51.8,Y,SM
13524,NISSAN,370Z Touring,2018,167.5,72.6,51.8,Y,SM
13525,NISSAN,370Z Sport,2018,167.5,72.6,51.8,Y,SM
13526,NISSAN,370Z Sport Tech,2018,167.5,72.6,51.8,Y,SM
13527,NISSAN,370Z NISMO,2018,170.5,73.6,51.8,Y,SM
13528,NISSAN,370Z NISMO Tech,2018,170.5,73.6,51.8,Y,SM
13529,NISSAN,370Z,2018,167.2,72.6,52.2,Y,SM
13530,NISSAN,370Z Touring,2018,167.2,72.6,52.2,Y,SM
13531,NISSAN,370Z Touring  Sport,2018,167.2,72.6,52.2,Y,SM
13532,NISSAN,Versa 1.6 S,2018,163,66.7,60.5,Y,SM
13533,NISSAN,Versa 1.6 S Plus,2018,163,66.7,60.5,Y,SM
13550,NISSAN,Versa 1.6 SV,2018,163,66.7,60.5,Y,SM
13551,NISSAN,Versa 1.6 SR,2018,163,66.7,60.5,Y,SM
13552,NISSAN,Versa 1.6 SL,2018,163,66.7,60.5,Y,SM
13553,PORSCHE,Boxster,2018,172.4,70.9,50.5,Y,SM
13554,PORSCHE,Boxster S,2018,172.4,70.9,50.4,Y,SM
13559,PORSCHE,Boxster GTS,2018,173.4,70.9,50.1,Y,SM
13560,PORSCHE,Cayman,2018,172.4,70.9,50.9,Y,SM
13561,PORSCHE,Cayman S,2018,172.4,70.9,51,Y,SM
13562,PORSCHE,Cayman GTS,2018,173.4,70.9,50.6,Y,SM
13563,SCION,FR-S,2018,166.7,69.9,50.6,Y,SM
13564,SCION,iQ,2018,120.1,66.1,59.1,Y,SM
13604,SCION,iQ 10,2018,120.1,66.1,59.1,Y,SM
13605,SCION,xB,2018,168.1,69.3,63.4,Y,SM
13606,SMART,Fortwo Pure,2018,106.1,61.4,60.7,Y,SM
13608,SMART,Fortwo Passion,2018,106.1,61.4,60.7,Y,SM
13609,SMART,Fortwo Passion Cabriolet,2018,106.1,61.4,60.7,Y,SM
13610,SUBARU,BRZ Premium,2018,166.7,69.9,50.6,Y,SM
13611,SUBARU,BRZ Limited,2018,166.7,69.9,50.6,Y,SM
13612,SUBARU,BRZ Blue,2018,166.7,69.9,50.6,Y,SM
13613,SUBARU,WRX Sti Limited,2018,173.8,70.7,58.1,Y,SM
13614,TOYOTA,Prius c I,2018,157.3,66.7,56.9,Y,SM
13629,TOYOTA,Prius c II,2018,157.3,66.7,56.9,Y,SM
13661,TOYOTA,Prius c III,2018,157.3,66.7,56.9,Y,SM
13662,TOYOTA,Prius c IV,2018,157.3,66.7,56.9,Y,SM
13663,Yaris,Yaris L,2018,155.5,66.7,59.4,Y,SM
13664,Yaris,Yaris LE,2018,155.5,66.7,59.4,Y,SM
13677,Yaris,Yaris L,2018,155.5,66.7,59.4,Y,SM
13678,Yaris,Yaris LE,2018,155.5,66.7,59.4,Y,SM
13679,Yaris,Yaris SE,2018,155.5,66.7,59.4,Y,SM
13680,VOLKSWAGEN,Beetle 1.8T Classic,2018,168.4,71.2,58.5,Y,SM
13681,VOLKSWAGEN,Beetle 1.8T,2018,168.4,71.2,58.5,Y,SM
13682,VOLKSWAGEN,Beetle 2.0T R-Line,2018,168.4,71.2,58.5,Y,SM
13683,VOLKSWAGEN,Beetle TDI,2018,168.4,71.2,58.5,Y,SM
13684,VOLKSWAGEN,Beetle 1.8T,2018,168.4,71.2,58,Y,SM
13685,VOLKSWAGEN,Beetle R-Line,2018,168.4,71.2,58,Y,SM
13686,VOLKSWAGEN,Beetle TDI,2018,168.4,71.2,58,Y,SM
13687,VOLKSWAGEN,Golf TSI Launch,2018,167.5,70.5,57.2,Y,SM
13688,VOLKSWAGEN,Golf TSI S,2018,167.5,70.5,57.2,Y,SM
13696,VOLKSWAGEN,Golf TSI S,2018,167.5,70.8,57.2,Y,SM
13697,VOLKSWAGEN,Golf TSI SE,2018,167.5,70.8,57.2,Y,SM
13698,VOLKSWAGEN,Golf TSI SEL,2018,167.5,70.8,57.2,Y,SM
13699,VOLKSWAGEN,Golf TDI S,2018,167.5,70.8,57.2,Y,SM
13700,VOLKSWAGEN,Golf TDI SE,2018,167.5,70.8,57.2,Y,SM
13701,VOLKSWAGEN,Golf TDI SEL,2018,167.5,70.8,57.2,Y,SM
13702,VOLKSWAGEN,GTI S,2018,168,70.5,56.8,Y,SM
13703,VOLKSWAGEN,GTI S,2018,168,70.8,56.8,Y,SM
13704,VOLKSWAGEN,GTI SE,2018,168,70.5,56.8,Y,SM
13705,VOLKSWAGEN,GTI SE,2018,168,70.8,56.8,Y,SM
13706,VOLKSWAGEN,GTI Autobahn Edition,2018,168,70.8,56.8,Y,SM
13707,BUICK,Encore,2018,168.5,69.9,65.2,Y,SM
13708,CHEVROLET,Trax,2018,168.5,69.9,65.9,Y,SM
13817,FORD,Transit Connect,2018,173.9,72.2,72.5,Y,SM
13830,,,,,,,,
13849,,,,,,,,
